GasDay;EEXSpotIndexEUR_MWh;EEXWithinDayEUR_MWh;ExchangeRateEUR_DKK;SalesPriceDKK_kWh;PurchasePriceDKK_kWh;NeutralGasPriceDKK_kWh;EEXHighestPricePurchaseDKK_kWh;EEXLowestPriceSaleDKK_kWh;MarginalSalePriceDKK_kWh;MarginalPurchasePriceDKK_kWh;THEPriceDKK_kWh
2023-12-31 00:00;32,179000;29,851000;745,290000;0,223600;0,221400;0,222500;;;0,223600;0,221400;0,235300
2023-12-30 00:00;32,179000;30,206000;745,290000;0,226200;0,224000;0,225100;;;0,226200;0,224000;0,235300
2023-12-29 00:00;34,176000;30,913000;745,290000;0,231500;0,229200;0,230400;;;0,231500;0,229200;0,242100
2023-12-28 00:00;36,370000;35,762000;745,450000;0,267900;0,265300;0,266600;;0,236300;0,267900;0,236300;0,261800
2023-12-27 00:00;33,800000;35,716000;745,490000;0,267600;0,264900;0,266300;;;0,267600;0,264900;0,248600
2023-12-26 00:00;33,367000;32,851000;745,600000;0,246200;0,243700;0,244900;;;0,246200;0,243700;0,245900
2023-12-25 00:00;33,367000;32,334000;745,600000;0,242300;0,239900;0,241100;;;0,242300;0,239900;0,245900
2023-12-24 00:00;33,367000;34,052000;745,600000;0,255200;0,252600;0,253900;;;0,255200;0,252600;0,245900
2023-12-23 00:00;33,367000;34,067000;745,600000;0,255300;0,252700;0,254000;;;0,255300;0,252700;0,245900
2023-12-22 00:00;35,646000;35,874000;745,600000;0,268800;0,266100;0,267500;;;0,268800;0,266100;0,254100
2023-12-21 00:00;33,288000;36,529000;745,580000;0,273700;0,271000;0,272400;;;0,273700;0,271000;0,245700
2023-12-20 00:00;32,799000;34,185000;745,650000;0,256200;0,253600;0,254900;;;0,256200;0,253600;0,243700
2023-12-19 00:00;35,830000;32,351000;745,640000;0,242400;0,240000;0,241200;;;0,242400;0,240000;0,256500
2023-12-18 00:00;33,615000;34,361000;745,490000;0,257400;0,254900;0,256200;;0,240000;0,257400;0,240000;0,243800
2023-12-17 00:00;33,119000;31,839000;745,560000;0,238600;0,236200;0,237400;;;0,238600;0,236200;0,241800
2023-12-16 00:00;33,119000;31,981000;745,560000;0,239600;0,237200;0,238400;;;0,239600;0,237200;0,241800
2023-12-15 00:00;36,703000;33,569000;745,560000;0,251500;0,249000;0,250300;;;0,251500;0,249000;0,261300
2023-12-14 00:00;37,498000;37,355000;745,660000;0,279900;0,277100;0,278500;;;0,279900;0,277100;0,266800
2023-12-13 00:00;36,882000;36,657000;745,660000;0,274700;0,272000;0,273300;;;0,274700;0,272000;0,262600
2023-12-12 00:00;37,794000;36,975000;745,690000;0,277100;0,274300;0,275700;;;0,277100;0,274300;0,269700
2023-12-11 00:00;40,844000;37,489000;745,630000;0,280900;0,278100;0,279500;;;0,280900;0,278100;0,293900
2023-12-10 00:00;40,532000;37,462000;745,580000;0,280700;0,277900;0,279300;;;0,280700;0,277900;0,293200
2023-12-09 00:00;40,532000;37,940000;745,580000;0,284300;0,281500;0,282900;;;0,284300;0,281500;0,293200
2023-12-08 00:00;42,427000;41,050000;745,580000;0,307600;0,304500;0,306100;;;0,307600;0,304500;0,300400
2023-12-07 00:00;42,053000;43,320000;745,510000;0,324600;0,321300;0,323000;;;0,324600;0,321300;0,296300
2023-12-06 00:00;42,627000;41,703000;745,570000;0,312500;0,309400;0,310900;;;0,312500;0,309400;0,294200
2023-12-05 00:00;44,795000;41,555000;745,590000;0,311400;0,308300;0,309800;;;0,311400;0,308300;0,309000
2023-12-04 00:00;47,600000;44,978000;745,640000;0,337100;0,333700;0,335400;;0,302000;0,337100;0,302000;0,324800
2023-12-03 00:00;47,649000;48,135000;745,430000;0,360600;0,357000;0,358800;;;0,360600;0,357000;0,323800
2023-12-02 00:00;47,649000;48,625000;745,430000;0,364300;0,360700;0,362500;;;0,364300;0,360700;0,323800
2023-12-01 00:00;45,913000;46,264000;745,430000;0,346600;0,343100;0,344900;0,366000;;0,366000;0,343100;0,314100
2023-11-30 00:00;46,266000;46,019000;745,480000;0,344800;0,341300;0,343100;0,372000;;0,372000;0,341300;0,318500
2023-11-29 00:00;47,162000;46,952000;745,650000;0,351800;0,348300;0,350100;0,364100;;0,364100;0,348300;0,328000
2023-11-28 00:00;48,448000;48,314000;745,600000;0,362000;0,358400;0,360200;0,392000;;0,392000;0,358400;0,337000
2023-11-27 00:00;50,604000;49,139000;745,540000;0,368200;0,364500;0,366400;0,381500;;0,381500;0,364500;0,354200
2023-11-26 00:00;50,469000;52,243000;745,590000;0,391500;0,387600;0,389500;0,393700;;0,393700;0,387600;0,352100
2023-11-25 00:00;50,469000;49,651000;745,590000;0,372000;0,368300;0,370200;;;0,372000;0,368300;0,352100
2023-11-24 00:00;49,351000;51,336000;745,590000;0,384700;0,380800;0,382800;;;0,384700;0,380800;0,348400
2023-11-23 00:00;48,138000;47,648000;745,590000;0,357000;0,353500;0,355300;;0,335500;0,357000;0,335500;0,334600
2023-11-22 00:00;48,723000;48,259000;745,470000;0,361600;0,358000;0,359800;;;0,361600;0,358000;0,337600
2023-11-21 00:00;49,825000;48,154000;745,560000;0,360800;0,357200;0,359000;;;0,360800;0,357200;0,345800
2023-11-20 00:00;48,931000;49,540000;745,650000;0,371200;0,367500;0,369400;;;0,371200;0,367500;0,339800
2023-11-19 00:00;48,855000;43,905000;745,820000;0,329100;0,325800;0,327500;;;0,329100;0,325800;0,338000
2023-11-18 00:00;48,855000;48,995000;745,820000;0,367200;0,363600;0,365400;;0,320700;0,367200;0,320700;0,338000
2023-11-17 00:00;49,943000;49,367000;745,820000;0,370000;0,366300;0,368200;;;0,370000;0,366300;0,346800
2023-11-16 00:00;49,940000;48,482000;745,920000;0,363400;0,359800;0,361600;0,394600;;0,394600;0,359800;0,348300
2023-11-15 00:00;47,025000;50,502000;745,880000;0,378600;0,374800;0,376700;0,377400;0,335800;0,378600;0,335800;0,327300
2023-11-14 00:00;44,398000;49,359000;745,970000;0,370000;0,366400;0,368200;;;0,370000;0,366400;0,309200
2023-11-13 00:00;45,762000;44,529000;745,980000;0,333800;0,330500;0,332200;0,339400;;0,339400;0,330500;0,321100
2023-11-12 00:00;45,341000;43,315000;745,770000;0,324600;0,321400;0,323000;;;0,324600;0,321400;0,315600
2023-11-11 00:00;45,341000;46,779000;745,770000;0,350600;0,347100;0,348900;;;0,350600;0,347100;0,315600
2023-11-10 00:00;48,027000;45,985000;745,770000;0,344700;0,341200;0,342900;;;0,344700;0,341200;0,331800
2023-11-09 00:00;46,937000;47,805000;745,840000;0,358300;0,354800;0,356500;;;0,358300;0,354800;0,327700
2023-11-08 00:00;46,161000;44,898000;745,800000;0,336500;0,333200;0,334800;0,357200;;0,357200;0,333200;0,321800
2023-11-07 00:00;44,405000;46,015000;745,770000;0,344900;0,341500;0,343200;0,348300;0,298500;0,348300;0,298500;0,310700
2023-11-06 00:00;43,201000;43,431000;745,870000;0,325600;0,322300;0,323900;0,340500;;0,340500;0,322300;0,308100
2023-11-05 00:00;41,963000;46,173000;746,250000;0,346300;0,342800;0,344600;;;0,346300;0,342800;0,304100
2023-11-04 00:00;41,963000;43,784000;746,250000;0,328400;0,325100;0,326700;;;0,328400;0,325100;0,304100
2023-11-03 00:00;39,871000;44,080000;746,250000;0,330600;0,327300;0,328900;;;0,330600;0,327300;0,287700
2023-11-02 00:00;37,902000;36,763000;746,350000;0,275800;0,273000;0,274400;;;0,275800;0,273000;0,282600
2023-11-01 00:00;43,153000;40,708000;746,440000;0,305400;0,302300;0,303900;0,320800;;0,320800;0,302300;0,314500
2023-10-31 00:00;52,166000;44,538000;746,470000;0,334100;0,330800;0,332500;;;0,334100;0,330800;0,367200
2023-10-30 00:00;51,368000;52,392000;746,390000;0,393000;0,389100;0,391000;;;0,393000;0,389100;0,359000
2023-10-29 00:00;50,820000;52,004000;746,390000;0,390100;0,386200;0,388200;;;0,390100;0,386200;0,357300
2023-10-28 00:00;50,820000;51,878000;746,390000;0,389100;0,385300;0,387200;0,469900;0,381200;0,469900;0,381200;0,357300
2023-10-27 00:00;51,438000;51,733000;746,390000;0,388100;0,384200;0,386100;;;0,388100;0,384200;0,363300
2023-10-26 00:00;51,637000;52,192000;746,320000;0,391500;0,387600;0,389500;0,392600;;0,392600;0,387600;0,365500
2023-10-25 00:00;51,670000;50,585000;746,390000;0,379400;0,375700;0,377600;;;0,379400;0,375700;0,364700
2023-10-24 00:00;49,651000;52,454000;746,480000;0,393500;0,389600;0,391600;;;0,393500;0,389600;0,354500
2023-10-23 00:00;49,793000;50,475000;746,340000;0,378600;0,374800;0,376700;;;0,378600;0,374800;0,349100
2023-10-22 00:00;49,008000;50,536000;746,200000;0,379000;0,375200;0,377100;;;0,379000;0,375200;0,344400
2023-10-21 00:00;49,008000;48,906000;746,200000;0,366800;0,363100;0,364900;;;0,366800;0,363100;0,344400
2023-10-20 00:00;47,264000;49,658000;746,200000;0,372400;0,368700;0,370500;0,373700;;0,373700;0,368700;0,335500
2023-10-19 00:00;49,530000;47,478000;746,250000;0,356100;0,352500;0,354300;;;0,356100;0,352500;0,353800
2023-10-18 00:00;48,109000;50,591000;746,100000;0,379300;0,375600;0,377500;;;0,379300;0,375600;0,340400
2023-10-17 00:00;51,469000;46,350000;746,100000;0,347500;0,344100;0,345800;;;0,347500;0,344100;0,364400
2023-10-16 00:00;54,784000;53,263000;745,920000;0,399300;0,395300;0,397300;;;0,399300;0,395300;0,397500
2023-10-15 00:00;52,376000;52,000000;745,820000;0,389800;0,385900;0,387800;;;0,389800;0,385900;0,390600
2023-10-14 00:00;52,376000;49,924000;745,820000;0,374200;0,370500;0,372300;;;0,374200;0,370500;0,390600
2023-10-13 00:00;48,810000;51,598000;745,820000;0,386800;0,382900;0,384800;;;0,386800;0,382900;0,355600
2023-10-12 00:00;46,308000;45,686000;745,620000;0,342300;0,338900;0,340600;;;0,342300;0,338900;0,339600
2023-10-11 00:00;46,602000;45,204000;745,670000;0,338800;0,335400;0,337100;;;0,338800;0,335400;0,334200
2023-10-10 00:00;41,012000;46,595000;745,640000;0,349200;0,345700;0,347400;;;0,349200;0,345700;0,291600
2023-10-09 00:00;31,686000;42,107000;745,710000;0,315600;0,312400;0,314000;0,329600;;0,329600;0,312400;0,230100
2023-10-08 00:00;30,904000;35,354000;745,750000;0,265000;0,262300;0,263700;;;0,265000;0,262300;0,226500
2023-10-07 00:00;30,904000;34,852000;745,750000;0,261200;0,258600;0,259900;;;0,261200;0,258600;0,226500
2023-10-06 00:00;31,323000;29,448000;745,750000;0,220700;0,218500;0,219600;;;0,220700;0,218500;0,218400
2023-10-05 00:00;33,567000;33,735000;745,780000;0,252800;0,250300;0,251600;;;0,252800;0,250300;0,239500
2023-10-04 00:00;29,208000;34,100000;745,890000;0,255600;0,253100;0,254300;0,275800;;0,275800;0,253100;0,215200
2023-10-03 00:00;35,815000;26,847000;745,840000;0,201200;0,199200;0,200200;;;0,201200;0,199200;0,253400
2023-10-02 00:00;40,925000;37,172000;745,850000;0,278600;0,275900;0,277200;;;0,278600;0,275900;0,284000
2023-10-01 00:00;40,010000;39,289000;745,710000;0,294400;0,291500;0,293000;;;0,294400;0,291500;0,281200
2023-09-30 00:00;40,010000;39,332000;745,710000;0,294800;0,291800;0,293300;;;0,294800;0,291800;0,281200
2023-09-29 00:00;42,656000;42,733000;745,710000;0,320300;0,317100;0,318700;;;0,320300;0,317100;0,304000
2023-09-28 00:00;41,513000;45,800000;745,580000;0,343200;0,339800;0,341500;0,348200;;0,348200;0,339800;0,297100
2023-09-27 00:00;44,547000;41,136000;745,660000;0,308300;0,305200;0,306700;;;0,308300;0,305200;0,308100
2023-09-26 00:00;47,320000;46,186000;745,750000;0,346200;0,342700;0,344400;;;0,346200;0,342700;0,334300
2023-09-25 00:00;43,196000;45,911000;745,710000;0,344100;0,340600;0,342400;;;0,344100;0,340600;0,304300
2023-09-24 00:00;42,941000;42,865000;745,570000;0,321200;0,318000;0,319600;0,419400;;0,419400;0,318000;0,303900
2023-09-23 00:00;42,941000;42,898000;745,570000;0,321400;0,318200;0,319800;;;0,321400;0,318200;0,303900
2023-09-22 00:00;41,472000;41,475000;745,570000;0,310800;0,307700;0,309200;;;0,310800;0,307700;0,289000
2023-09-21 00:00;40,486000;41,824000;745,470000;0,313300;0,310200;0,311800;;;0,313300;0,310200;0,279700
2023-09-20 00:00;38,693000;40,799000;745,280000;0,305600;0,302500;0,304100;;;0,305600;0,302500;0,270000
2023-09-19 00:00;38,199000;37,571000;745,510000;0,281500;0,278700;0,280100;;;0,281500;0,278700;0,260600
2023-09-18 00:00;38,339000;36,893000;745,510000;0,276400;0,273700;0,275000;;;0,276400;0,273700;0,268100
2023-09-17 00:00;38,053000;38,075000;745,730000;0,285400;0,282500;0,283900;;;0,285400;0,282500;0,268100
2023-09-16 00:00;38,053000;39,015000;745,730000;0,292400;0,289500;0,290900;;;0,292400;0,289500;0,268100
2023-09-15 00:00;38,897000;37,405000;745,730000;0,280300;0,277500;0,278900;;;0,280300;0,277500;0,269400
2023-09-14 00:00;38,977000;39,580000;746,010000;0,296700;0,293800;0,295300;;;0,296700;0,293800;0,275700
2023-09-13 00:00;38,438000;38,979000;746,090000;0,292300;0,289400;0,290800;;;0,292300;0,289400;0,270700
2023-09-12 00:00;39,351000;37,307000;746,010000;0,279700;0,276900;0,278300;;;0,279700;0,276900;0,278100
2023-09-11 00:00;37,232000;38,854000;745,820000;0,291200;0,288300;0,289800;;0,149200;0,291200;0,149200;0,258700
2023-09-10 00:00;36,061000;36,702000;745,910000;0,275100;0,272400;0,273800;;;0,275100;0,272400;0,258900
2023-09-09 00:00;36,061000;37,178000;745,910000;0,278700;0,275900;0,277300;;;0,278700;0,275900;0,258900
2023-09-08 00:00;34,400000;35,862000;745,910000;0,268800;0,266200;0,267500;;;0,268800;0,266200;0,238500
2023-09-07 00:00;34,511000;33,347000;745,990000;0,250000;0,247500;0,248800;;;0,250000;0,247500;0,235500
2023-09-06 00:00;35,341000;34,680000;745,630000;0,259900;0,257300;0,258600;;;0,259900;0,257300;0,242600
2023-09-05 00:00;35,935000;33,566000;745,330000;0,251400;0,248900;0,250200;;;0,251400;0,248900;0,240800
2023-09-04 00:00;35,703000;37,631000;745,270000;0,281900;0,279100;0,280500;;;0,281900;0,279100;0,243000
2023-09-03 00:00;35,549000;37,050000;745,280000;0,277500;0,274700;0,276100;;;0,277500;0,274700;0,243000
2023-09-02 00:00;35,549000;37,687000;745,280000;0,282300;0,279500;0,280900;;;0,282300;0,279500;0,243000
2023-09-01 00:00;37,633000;35,917000;745,280000;0,269000;0,266300;0,267700;0,269000;;0,269000;0,266300;0,249900
2023-08-31 00:00;39,356000;38,550000;745,230000;0,288700;0,285800;0,287300;;;0,288700;0,285800;0,268800
2023-08-30 00:00;40,581000;38,202000;745,310000;0,286100;0,283300;0,284700;;;0,286100;0,283300;0,273200
2023-08-29 00:00;38,358000;39,979000;745,290000;0,299500;0,296500;0,298000;;;0,299500;0,296500;0,263400
2023-08-28 00:00;38,011000;38,625000;745,300000;0,289300;0,286400;0,287900;;;0,289300;0,286400;0,259200
2023-08-27 00:00;38,011000;37,375000;745,370000;0,280000;0,277200;0,278600;;;0,280000;0,277200;0,259200
2023-08-26 00:00;38,011000;37,256000;745,370000;0,279100;0,276300;0,277700;;;0,279100;0,276300;0,259200
2023-08-25 00:00;36,387000;36,727000;745,370000;0,275100;0,272400;0,273800;;;0,275100;0,272400;0,244300
2023-08-24 00:00;43,518000;34,617000;745,390000;0,259300;0,256700;0,258000;;;0,259300;0,256700;0,287600
2023-08-23 00:00;45,984000;42,157000;745,310000;0,315800;0,312600;0,314200;;;0,315800;0,312600;0,317500
2023-08-22 00:00;42,249000;43,969000;745,350000;0,329400;0,326100;0,327700;;;0,329400;0,326100;0,291400
2023-08-21 00:00;37,383000;40,758000;745,240000;0,305300;0,302200;0,303700;;;0,305300;0,302200;0,253400
2023-08-20 00:00;37,028000;43,712000;745,140000;0,327300;0,324100;0,325700;;;0,327300;0,324100;0,252200
2023-08-19 00:00;37,028000;38,176000;745,140000;0,285900;0,283000;0,284500;;;0,285900;0,283000;0,252200
2023-08-18 00:00;39,175000;36,124000;745,140000;0,270500;0,267800;0,269200;;;0,270500;0,267800;0,260200
2023-08-17 00:00;39,257000;38,560000;745,180000;0,288800;0,285900;0,287300;;;0,288800;0,285900;0,266700
2023-08-16 00:00;38,625000;39,188000;745,200000;0,293500;0,290600;0,292000;;;0,293500;0,290600;0,266400
2023-08-15 00:00;36,288000;41,763000;745,190000;0,312800;0,309700;0,311200;0,338500;;0,338500;0,309700;0,241800
2023-08-14 00:00;37,788000;37,858000;745,150000;0,283500;0,280700;0,282100;;;0,283500;0,280700;0,248800
2023-08-13 00:00;37,448000;37,813000;745,100000;0,283200;0,280300;0,281700;;;0,283200;0,280300;0,247400
2023-08-12 00:00;37,448000;35,025000;745,100000;0,262300;0,259700;0,261000;;;0,262300;0,259700;0,247400
2023-08-11 00:00;39,902000;36,668000;745,100000;0,274600;0,271800;0,273200;;;0,274600;0,271800;0,269100
2023-08-10 00:00;37,889000;40,015000;745,120000;0,299700;0,296700;0,298200;;;0,299700;0,296700;0,275400
2023-08-09 00:00;33,150000;39,986000;745,110000;0,299400;0,296400;0,297900;;;0,299400;0,296400;0,222200
2023-08-08 00:00;32,773000;32,610000;745,150000;0,244200;0,241800;0,243000;;;0,244200;0,241800;0,219600
2023-08-07 00:00;31,942000;31,619000;745,150000;0,236800;0,234400;0,235600;;;0,236800;0,234400;0,213500
2023-08-06 00:00;31,856000;33,244000;745,140000;0,249000;0,246500;0,247700;;;0,249000;0,246500;0,213300
2023-08-05 00:00;31,856000;31,689000;745,140000;0,237300;0,235000;0,236100;;;0,237300;0,235000;0,213300
2023-08-04 00:00;32,899000;32,840000;745,140000;0,245900;0,243500;0,244700;;;0,245900;0,243500;0,222600
2023-08-03 00:00;30,517000;32,731000;745,170000;0,245100;0,242700;0,243900;;;0,245100;0,242700;0,205400
2023-08-02 00:00;30,827000;29,196000;745,180000;0,218700;0,216500;0,217600;;;0,218700;0,216500;0,203300
2023-08-01 00:00;29,952000;30,779000;745,180000;0,230500;0,228200;0,229400;;;0,230500;0,228200;0,199100
2023-07-31 00:00;29,891000;30,568000;745,290000;0,229000;0,226700;0,227800;;;0,229000;0,226700;0,195200
2023-07-30 00:00;29,713000;27,343000;745,270000;0,204800;0,202800;0,203800;;;0,204800;0,202800;0,195100
2023-07-29 00:00;29,713000;27,643000;745,270000;0,207000;0,205000;0,206000;;;0,207000;0,205000;0,195100
2023-07-28 00:00;32,280000;30,254000;745,270000;0,226600;0,224300;0,225500;;;0,226600;0,224300;0,213600
2023-07-27 00:00;35,342000;31,883000;745,180000;0,238800;0,236400;0,237600;;;0,238800;0,236400;0,230100
2023-07-26 00:00;35,328000;34,030000;745,170000;0,254800;0,252300;0,253600;;;0,254800;0,252300;0,240200
2023-07-25 00:00;33,009000;34,153000;745,150000;0,255800;0,253200;0,254500;;;0,255800;0,253200;0,222700
2023-07-24 00:00;32,885000;31,887000;745,140000;0,238800;0,236400;0,237600;;;0,238800;0,236400;0,216400
2023-07-23 00:00;32,511000;30,949000;745,080000;0,231700;0,229400;0,230600;;;0,231700;0,229400;0,216100
2023-07-22 00:00;32,511000;30,835000;745,080000;0,230900;0,228600;0,229700;;;0,230900;0,228600;0,216100
2023-07-21 00:00;30,836000;32,823000;745,080000;0,245800;0,243300;0,244600;;;0,245800;0,243300;0,206400
2023-07-20 00:00;30,014000;30,475000;745,080000;0,228200;0,225900;0,227100;;;0,228200;0,225900;0,200700
2023-07-19 00:00;29,518000;30,281000;745,070000;0,226700;0,224500;0,225600;;;0,226700;0,224500;0,198300
2023-07-18 00:00;28,755000;29,086000;745,090000;0,217800;0,215600;0,216700;;;0,217800;0,215600;0,188900
2023-07-17 00:00;30,361000;27,575000;745,040000;0,206500;0,204400;0,205400;;;0,206500;0,204400;0,198100
2023-07-16 00:00;30,289000;26,683000;744,840000;0,199700;0,197800;0,198700;;;0,199700;0,197800;0,196500
2023-07-15 00:00;30,289000;27,656000;744,840000;0,207000;0,205000;0,206000;;;0,207000;0,205000;0,196500
2023-07-14 00:00;29,766000;29,468000;744,840000;0,220600;0,218400;0,219500;;;0,220600;0,218400;0,198000
2023-07-13 00:00;30,904000;28,260000;745,230000;0,211700;0,209600;0,210600;;;0,211700;0,209600;0,205800
2023-07-12 00:00;32,125000;29,248000;745,240000;0,219100;0,216900;0,218000;;;0,219100;0,216900;0,219300
2023-07-11 00:00;34,081000;31,995000;745,290000;0,239600;0,237300;0,238500;;;0,239600;0,237300;0,231300
2023-07-10 00:00;35,314000;33,299000;745,120000;0,249400;0,246900;0,248100;;;0,249400;0,246900;0,245300
2023-07-09 00:00;34,942000;34,059000;745,150000;0,255100;0,252500;0,253800;;;0,255100;0,252500;0,243300
2023-07-08 00:00;34,942000;34,828000;745,150000;0,260800;0,258200;0,259500;;;0,260800;0,258200;0,243300
2023-07-07 00:00;35,504000;34,225000;745,150000;0,256300;0,253800;0,255000;;;0,256300;0,253800;0,243800
2023-07-06 00:00;37,476000;34,004000;744,930000;0,254600;0,252000;0,253300;;;0,254600;0,252000;0,260700
2023-07-05 00:00;36,627000;37,449000;744,820000;0,280300;0,277500;0,278900;;;0,280300;0,277500;0,257300
2023-07-04 00:00;38,501000;35,688000;744,790000;0,267100;0,264500;0,265800;;;0,267100;0,264500;0,262300
2023-07-03 00:00;38,706000;39,368000;744,680000;0,294600;0,291700;0,293200;;;0,294600;0,291700;0,272100
2023-07-02 00:00;38,437000;38,647000;744,740000;0,289300;0,286400;0,287800;;;0,289300;0,286400;0,270400
2023-07-01 00:00;38,437000;38,118000;744,740000;0,285300;0,282500;0,283900;;;0,285300;0,282500;0,270400
2023-06-30 00:00;36,393000;37,810000;744,740000;0,283000;0,280200;0,281600;;;0,283000;0,280200;0,255900
2023-06-29 00:00;37,226000;35,640000;744,760000;0,266800;0,264100;0,265400;;;0,266800;0,264100;0,259600
2023-06-28 00:00;35,856000;36,550000;744,690000;0,273500;0,270800;0,272200;;;0,273500;0,270800;0,252400
2023-06-27 00:00;36,499000;34,531000;744,740000;0,258500;0,255900;0,257200;;;0,258500;0,255900;0,250500
2023-06-26 00:00;34,891000;35,833000;744,580000;0,268100;0,265500;0,266800;;;0,268100;0,265500;0,244800
2023-06-25 00:00;34,742000;38,029000;744,850000;0,284700;0,281800;0,283300;;;0,284700;0,281800;0,243300
2023-06-24 00:00;34,742000;34,950000;744,850000;0,261600;0,259000;0,260300;;;0,261600;0,259000;0,243300
2023-06-23 00:00;38,141000;33,200000;744,850000;0,248500;0,246100;0,247300;;;0,248500;0,246100;0,265700
2023-06-22 00:00;40,543000;39,122000;744,860000;0,292900;0,289900;0,291400;;;0,292900;0,289900;0,286800
2023-06-21 00:00;40,486000;41,093000;744,790000;0,307600;0,304500;0,306100;;;0,307600;0,304500;0,290300
2023-06-20 00:00;34,537000;36,040000;744,910000;0,269800;0,267100;0,268500;;;0,269800;0,267100;0,255800
2023-06-19 00:00;36,607000;35,716000;744,980000;0,267400;0,264700;0,266100;;;0,267400;0,264700;0,262900
2023-06-18 00:00;36,094000;18,463000;745,050000;0,138200;0,136900;0,137600;;;0,138200;0,136900;0,261500
2023-06-17 00:00;36,094000;26,459000;745,050000;0,198100;0,196100;0,197100;;;0,198100;0,196100;0,261500
2023-06-16 00:00;43,999000;35,354000;745,050000;0,264700;0,262100;0,263400;;;0,264700;0,262100;0,312300
2023-06-15 00:00;37,407000;42,679000;745,230000;0,319600;0,316500;0,318100;;;0,319600;0,316500;0,277500
2023-06-14 00:00;32,715000;36,378000;745,290000;0,272500;0,269800;0,271100;;;0,272500;0,269800;0,247200
2023-06-13 00:00;31,643000;31,694000;745,240000;0,237400;0,235000;0,236200;;;0,237400;0,235000;0,227500
2023-06-12 00:00;31,645000;31,441000;745,200000;0,235500;0,233100;0,234300;;;0,235500;0,233100;0,229400
2023-06-11 00:00;31,526000;31,700000;745,050000;0,237400;0,235000;0,236200;;;0,237400;0,235000;0,228500
2023-06-10 00:00;31,526000;31,346000;745,050000;0,234700;0,232400;0,233500;;;0,234700;0,232400;0,228500
2023-06-09 00:00;28,625000;30,906000;745,050000;0,231400;0,229100;0,230300;;;0,231400;0,229100;0,205200
2023-06-08 00:00;26,955000;29,065000;744,980000;0,217600;0,215400;0,216500;;;0,217600;0,215400;0,195900
2023-06-07 00:00;26,138000;24,804000;744,940000;0,185700;0,183900;0,184800;;;0,185700;0,183900;0,196200
2023-06-06 00:00;27,321000;28,619000;744,940000;0,214300;0,212100;0,213200;;;0,214300;0,212100;0,207800
2023-06-05 00:00;24,488000;25,809000;744,880000;0,193200;0,191300;0,192200;;;0,193200;0,191300;0,177400
2023-06-04 00:00;24,326000;24,913000;744,880000;0,186500;0,184600;0,185600;;;0,186500;0,184600;0,176600
2023-06-03 00:00;24,326000;22,705000;744,880000;0,170000;0,168300;0,169100;;;0,170000;0,168300;0,176600
2023-06-02 00:00;25,064000;24,515000;744,880000;0,183500;0,181700;0,182600;;;0,183500;0,181700;0,179800
2023-06-01 00:00;25,313000;24,545000;744,770000;0,183700;0,181900;0,182800;;;0,183700;0,181900;0,199000
2023-05-31 00:00;25,262000;25,152000;744,800000;0,188300;0,186400;0,187300;;;0,188300;0,186400;0,188500
2023-05-30 00:00;25,153000;24,415000;744,860000;0,182800;0,180900;0,181900;;;0,182800;0,180900;0,184700
2023-05-29 00:00;25,023000;24,651000;744,890000;0,184500;0,182700;0,183600;;;0,184500;0,182700;0,182400
2023-05-28 00:00;25,023000;24,750000;744,890000;0,185300;0,183400;0,184400;;;0,185300;0,183400;0,182400
2023-05-27 00:00;25,023000;24,736000;744,890000;0,185200;0,183300;0,184300;;;0,185200;0,183300;0,182400
2023-05-26 00:00;27,416000;24,734000;744,890000;0,185200;0,183300;0,184200;;;0,185200;0,183300;0,197100
2023-05-25 00:00;29,799000;27,324000;745,020000;0,204600;0,202500;0,203600;;;0,204600;0,202500;0,217100
2023-05-24 00:00;30,369000;28,863000;744,770000;0,216000;0,213900;0,215000;;;0,216000;0,213900;0,223600
2023-05-23 00:00;30,309000;30,469000;744,750000;0,228000;0,225800;0,226900;;;0,228000;0,225800;0,221000
2023-05-22 00:00;30,414000;29,569000;744,780000;0,221300;0,219100;0,220200;;;0,221300;0,219100;0,224900
2023-05-21 00:00;29,910000;31,400000;744,760000;0,235000;0,232700;0,233900;;;0,235000;0,232700;0,220800
2023-05-20 00:00;29,910000;28,779000;744,760000;0,215400;0,213300;0,214300;;;0,215400;0,213300;0,220800
2023-05-19 00:00;31,317000;29,832000;744,760000;0,223300;0,221100;0,222200;;;0,223300;0,221100;0,227800
2023-05-18 00:00;33,398000;31,036000;744,760000;0,232300;0,230000;0,231100;;;0,232300;0,230000;0,242800
2023-05-17 00:00;33,414000;33,675000;744,760000;0,252000;0,249500;0,250800;;;0,252000;0,249500;0,242300
2023-05-16 00:00;34,060000;32,350000;744,680000;0,242100;0,239700;0,240900;;;0,242100;0,239700;0,243000
2023-05-15 00:00;33,435000;33,970000;744,710000;0,254200;0,251700;0,253000;;;0,254200;0,251700;0,249500
2023-05-14 00:00;33,236000;32,342000;744,840000;0,242100;0,239700;0,240900;;;0,242100;0,239700;0,249000
2023-05-13 00:00;33,236000;32,309000;744,840000;0,241900;0,239400;0,240700;;;0,241900;0,239400;0,249000
2023-05-12 00:00;36,527000;34,465000;744,840000;0,258000;0,255400;0,256700;;;0,258000;0,255400;0,260700
2023-05-11 00:00;38,917000;36,061000;744,840000;0,269900;0,267300;0,268600;;;0,269900;0,267300;0,267800
2023-05-10 00:00;39,234000;38,220000;744,780000;0,286100;0,283200;0,284700;;;0,286100;0,283200;0,273400
2023-05-09 00:00;37,810000;38,900000;744,520000;0,291100;0,288200;0,289600;;;0,291100;0,288200;0,270400
2023-05-08 00:00;37,376000;38,857000;744,730000;0,290800;0,287900;0,289400;;;0,290800;0,287900;0,268600
2023-05-07 00:00;37,376000;37,398000;745,030000;0,280000;0,277200;0,278600;;;0,280000;0,277200;0,268700
2023-05-06 00:00;37,376000;37,861000;745,030000;0,283500;0,280700;0,282100;;;0,283500;0,280700;0,268700
2023-05-05 00:00;37,088000;36,029000;745,030000;0,269800;0,267100;0,268400;;;0,269800;0,267100;0,269800
2023-05-04 00:00;37,802000;37,500000;745,030000;0,280800;0,278000;0,279400;;;0,280800;0,278000;0,277600
2023-05-03 00:00;38,838000;37,307000;745,140000;0,279400;0,276600;0,278000;;;0,279400;0,276600;0,288100
2023-05-02 00:00;40,599000;39,481000;745,380000;0,295800;0,292800;0,294300;;;0,295800;0,292800;0,297800
2023-05-01 00:00;40,502000;39,675000;745,380000;0,297200;0,294300;0,295700;;;0,297200;0,294300;0,295700
2023-04-30 00:00;40,502000;40,599000;745,380000;0,304100;0,301100;0,302600;;;0,304100;0,301100;0,295700
2023-04-29 00:00;40,502000;38,089000;745,380000;0,285300;0,282500;0,283900;;;0,285300;0,282500;0,295700
2023-04-28 00:00;40,242000;40,135000;745,380000;0,300700;0,297700;0,299200;;;0,300700;0,297700;0,295500
2023-04-27 00:00;39,927000;41,860000;745,380000;0,313600;0,310500;0,312000;;;0,313600;0,310500;0,297200
2023-04-26 00:00;40,885000;40,289000;745,340000;0,301800;0,298800;0,300300;;;0,301800;0,298800;0,304100
2023-04-25 00:00;40,691000;39,284000;745,300000;0,294200;0,291300;0,292800;;;0,294200;0,291300;0,301800
2023-04-24 00:00;42,417000;40,147000;745,300000;0,300700;0,297700;0,299200;;;0,300700;0,297700;0,309300
2023-04-23 00:00;42,168000;40,201000;745,270000;0,301100;0,298100;0,299600;;;0,301100;0,298100;0,308500
2023-04-22 00:00;42,168000;40,459000;745,270000;0,303000;0,300000;0,301500;;;0,303000;0,300000;0,308500
2023-04-21 00:00;41,813000;43,425000;745,270000;0,325300;0,322000;0,323600;;;0,325300;0,322000;0,313400
2023-04-20 00:00;42,612000;40,939000;745,240000;0,306600;0,303600;0,305100;;;0,306600;0,303600;0,320200
2023-04-19 00:00;43,932000;44,397000;745,140000;0,332500;0,329200;0,330800;;;0,332500;0,329200;0,325400
2023-04-18 00:00;42,789000;41,952000;745,130000;0,314200;0,311000;0,312600;;;0,314200;0,311000;0,320500
2023-04-17 00:00;42,902000;44,409000;745,200000;0,332600;0,329300;0,330900;;;0,332600;0,329300;0,317700
2023-04-16 00:00;42,848000;41,560000;745,100000;0,311200;0,308100;0,309700;;;0,311200;0,308100;0,316800
2023-04-15 00:00;42,848000;42,004000;745,100000;0,314500;0,311400;0,313000;;;0,314500;0,311400;0,316800
2023-04-14 00:00;44,022000;43,791000;745,100000;0,327900;0,324700;0,326300;;;0,327900;0,324700;0,327000
2023-04-13 00:00;45,143000;43,250000;745,090000;0,323900;0,320600;0,322300;;;0,323900;0,320600;0,334400
2023-04-12 00:00;44,944000;43,766000;745,060000;0,327700;0,324500;0,326100;;;0,327700;0,324500;0,332000
2023-04-11 00:00;44,976000;45,935000;745,050000;0,344000;0,340500;0,342200;;;0,344000;0,340500;0,332400
2023-04-10 00:00;44,964000;43,138000;744,980000;0,323000;0,319800;0,321400;;;0,323000;0,319800;0,332900
2023-04-09 00:00;44,964000;45,228000;744,980000;0,338600;0,335300;0,336900;;;0,338600;0,335300;0,332900
2023-04-08 00:00;44,964000;43,922000;744,980000;0,328800;0,325600;0,327200;;;0,328800;0,325600;0,332900
2023-04-07 00:00;44,964000;44,091000;744,980000;0,330100;0,326800;0,328500;;;0,330100;0,326800;0,332900
2023-04-06 00:00;48,362000;44,251000;744,980000;0,331300;0,328000;0,329700;;;0,331300;0,328000;0,356300
2023-04-05 00:00;50,587000;46,783000;744,980000;0,350300;0,346800;0,348500;;;0,350300;0,346800;0,372500
2023-04-04 00:00;53,290000;48,704000;745,130000;0,364700;0,361100;0,362900;;;0,364700;0,361100;0,386800
2023-04-03 00:00;50,443000;50,437000;745,040000;0,377700;0,373900;0,375800;;;0,377700;0,373900;0,359100
2023-04-02 00:00;49,347000;47,715000;744,850000;0,357200;0,353600;0,355400;;;0,357200;0,353600;0,353400
2023-04-01 00:00;0,000000;0,000000;0,000000;0,000000;0,000000;0,000000;0,000000;0,000000;0,000000;0,000000;0,000000
2023-03-31 00:00;43,897000;45,481000;744,850000;0,340500;0,337100;0,338800;;;0,340500;0,337100;0,323500
2023-03-30 00:00;43,567000;43,967000;744,930000;0,329200;0,325900;0,327500;;;0,329200;0,325900;0,322500
2023-03-29 00:00;44,340000;45,062000;744,950000;0,337400;0,334000;0,335700;;;0,337400;0,334000;0,324400
2023-03-28 00:00;44,136000;44,220000;744,920000;0,331000;0,327800;0,329400;;;0,331000;0,327800;0,326500
2023-03-27 00:00;42,871000;45,703000;745,150000;0,342300;0,338800;0,340600;;;0,342300;0,338800;0,318200
2023-03-26 00:00;42,302000;41,933000;745,190000;0,314000;0,310900;0,312500;0,350100;;0,350100;0,310900;0,314300
2023-03-25 00:00;42,302000;42,104000;745,190000;0,315300;0,312200;0,313800;;;0,315300;0,312200;0,314300
2023-03-24 00:00;43,153000;43,706000;745,190000;0,327300;0,324100;0,325700;;;0,327300;0,324100;0,319600
2023-03-23 00:00;41,017000;42,059000;744,820000;0,314800;0,311700;0,313300;;;0,314800;0,311700;0,304800
2023-03-22 00:00;41,207000;40,000000;744,720000;0,299400;0,296400;0,297900;;;0,299400;0,296400;0,310300
2023-03-21 00:00;41,234000;41,931000;744,650000;0,313800;0,310700;0,312200;;;0,313800;0,310700;0,295400
2023-03-20 00:00;43,512000;41,126000;744,500000;0,307700;0,304600;0,306200;;;0,307700;0,304600;0,315600
2023-03-19 00:00;43,630000;43,464000;744,500000;0,325200;0,322000;0,323600;;;0,325200;0,322000;0,315600
2023-03-18 00:00;43,630000;40,914000;744,500000;0,306100;0,303100;0,304600;;;0,306100;0,303100;0,315600
2023-03-17 00:00;44,550000;46,007000;744,500000;0,344200;0,340800;0,342500;;;0,344200;0,340800;0,341900
2023-03-16 00:00;44,382000;44,424000;744,760000;0,332500;0,329200;0,330900;;;0,332500;0,329200;0,326600
2023-03-15 00:00;46,485000;44,217000;744,460000;0,330800;0,327500;0,329200;;;0,330800;0,327500;0,343000
2023-03-14 00:00;51,913000;47,529000;744,470000;0,355600;0,352100;0,353800;;;0,355600;0,352100;0,370200
2023-03-13 00:00;51,571000;49,144000;744,440000;0,367700;0,364000;0,365800;;0,344300;0,367700;0,344300;0,405700
2023-03-12 00:00;52,067000;51,785000;744,250000;0,387300;0,383500;0,385400;;;0,387300;0,383500;0,412900
2023-03-11 00:00;52,067000;57,296000;744,250000;0,428600;0,424300;0,426400;;;0,428600;0,424300;0,412900
2023-03-10 00:00;43,855000;50,066000;744,250000;0,374500;0,370800;0,372600;0,454000;;0,454000;0,370800;0,343200
2023-03-09 00:00;44,795000;44,588000;744,210000;0,333500;0,330200;0,331800;;;0,333500;0,330200;0,326500
2023-03-08 00:00;45,595000;47,059000;744,120000;0,351900;0,348400;0,350200;;;0,351900;0,348400;0,339400
2023-03-07 00:00;44,884000;43,484000;744,260000;0,325200;0,322000;0,323600;;;0,325200;0,322000;0,327700
2023-03-06 00:00;47,712000;46,118000;744,230000;0,344900;0,341500;0,343200;;;0,344900;0,341500;0,351300
2023-03-05 00:00;47,302000;48,076000;744,120000;0,359500;0,356000;0,357700;;;0,359500;0,356000;0,349300
2023-03-04 00:00;47,302000;48,363000;744,120000;0,361700;0,358100;0,359900;;;0,361700;0,358100;0,349300
2023-03-03 00:00;49,134000;45,984000;744,120000;0,343900;0,340500;0,342200;;;0,343900;0,340500;0,359600
2023-03-02 00:00;49,726000;50,236000;744,170000;0,375700;0,372000;0,373800;;;0,375700;0,372000;0,365300
2023-03-01 00:00;49,448000;50,915000;744,310000;0,380900;0,377100;0,379000;;;0,380900;0,377100;0,359600
2023-02-28 00:00;50,092999;50,669998;744,429993;0,379100;0,375300;0,377200;;;0,379100;0,375300;0,364000
2023-02-27 00:00;53,118000;51,166000;744,260010;0,382700;0,378900;0,380800;;;0,382700;0,378900;0,390100
2023-02-26 00:00;52,603001;52,962002;744,380005;0,396200;0,392300;0,394200;;;0,396200;0,392300;0,386100
2023-02-25 00:00;52,603001;51,455002;744,380005;0,384900;0,381100;0,383000;;;0,384900;0,381100;0,386100
2023-02-24 00:00;51,388000;53,280998;744,380005;0,398600;0,394600;0,396600;;;0,398600;0,394600;0,378200
2023-02-23 00:00;51,393002;50,431999;744,289978;0,377200;0,373500;0,375400;;;0,377200;0,373500;0,375900
2023-02-22 00:00;49,502998;51,063000;744,590027;0,382100;0,378300;0,380200;;;0,382100;0,378300;0,368300
2023-02-21 00:00;51,270000;49,521000;744,559998;0,370600;0,366900;0,368700;;;0,370600;0,366900;0,372200
2023-02-20 00:00;50,171001;51,450001;744,609985;0,385000;0,381200;0,383100;;;0,385000;0,381200;0,367100
2023-02-19 00:00;49,959999;51,012001;744,640015;0,381800;0,378000;0,379900;;;0,381800;0,378000;0,367800
2023-02-18 00:00;49,959999;49,472000;744,640015;0,370200;0,366500;0,368400;;;0,370200;0,366500;0,367800
2023-02-17 00:00;52,993999;49,807999;744,640015;0,372700;0,369000;0,370900;;;0,372700;0,369000;0,387100
2023-02-16 00:00;55,699001;52,542000;744,900024;0,393300;0,389400;0,391400;;;0,393300;0,389400;0,410500
2023-02-15 00:00;54,477001;53,646999;745,150024;0,401700;0,397800;0,399800;;;0,401700;0,397800;0,401400
2023-02-14 00:00;54,018002;53,526001;745,140015;0,400800;0,396800;0,398800;;;0,400800;0,396800;0,394800
2023-02-13 00:00;55,771000;53,450001;744,849976;0,400100;0,396100;0,398100;;;0,400100;0,396100;0,411800
2023-02-12 00:00;55,423000;53,680000;744,450012;0,401600;0,397600;0,399600;;;0,401600;0,397600;0,408300
2023-02-11 00:00;55,423000;54,348000;744,450012;0,406600;0,402600;0,404600;;;0,406600;0,402600;0,408300
2023-02-10 00:00;56,285000;57,396999;744,450012;0,429400;0,425200;0,427300;;;0,429400;0,425200;0,405300
2023-02-09 00:00;56,171001;56,756001;744,190002;0,424500;0,420300;0,422400;;;0,424500;0,420300;0,411100
2023-02-08 00:00;59,398998;54,612000;744,210022;0,408500;0,404400;0,406400;;0,376200;0,408500;0,376200;0,419600
2023-02-07 00:00;60,250999;60,716999;744,150024;0,454100;0,449600;0,451800;0,466400;;0,466400;0,449600;0,444900
2023-02-06 00:00;60,402000;62,122002;744,320007;0,464700;0,460100;0,462400;0,467400;;0,467400;0,460100;0,445800
2023-02-05 00:00;59,985001;65,526001;744,429993;0,490200;0,485400;0,487800;0,496700;;0,496700;0,485400;0,444100
2023-02-04 00:00;59,985001;64,761002;744,429993;0,484500;0,479700;0,482100;0,493700;;0,493700;0,479700;0,444100
2023-02-03 00:00;58,441002;58,188000;744,429993;0,435300;0,431000;0,433200;;;0,435300;0,431000;0,423300
2023-02-02 00:00;61,112999;60,408001;743,929993;0,451600;0,447100;0,449400;0,441700;;0,451600;0,447100;0,449900
2023-02-01 00:00;59,564999;60,646000;743,960022;0,453400;0,448900;0,451200;;;0,453400;0,448900;0,438100
2023-01-31 00:00;58,535000;60,953999;743,880005;0,455700;0,451200;0,453400;;;0,455700;0,451200;0,418600
2023-01-30 00:00;56,507999;59,823002;743,830017;0,447200;0,442800;0,445000;;;0,447200;0,442800;0,424800
2023-01-29 00:00;56,582001;55,000000;743,780029;0,411100;0,407000;0,409100;;;0,411100;0,407000;0,425100
2023-01-28 00:00;56,582001;58,943001;743,780029;0,440600;0,436200;0,438400;;;0,440600;0,436200;0,425100
2023-01-27 00:00;59,945000;56,344002;743,780029;0,421200;0,417000;0,419100;;;0,421200;0,417000;0,419200
2023-01-26 00:00;59,917000;61,195000;743,830017;0,457500;0,452900;0,455200;;0,416900;0,457500;0,416900;0,431700
2023-01-25 00:00;62,539001;61,869999;743,809998;0,462500;0,457900;0,460200;0,485900;;0,485900;0,457900;0,441100
2023-01-24 00:00;69,272003;61,851002;743,989990;0,462500;0,457900;0,460200;;;0,462500;0,457900;0,498900
2023-01-23 00:00;66,751999;69,319000;743,929993;0,518300;0,513100;0,515700;0,538200;0,462400;0,538200;0,462400;0,512400
2023-01-22 00:00;67,111000;73,950996;743,909973;0,552900;0,547400;0,550100;0,572400;;0,572400;0,547400;0,512700
2023-01-21 00:00;67,111000;70,792999;743,909973;0,529300;0,524000;0,526600;0,529100;;0,529300;0,524000;0,512700
2023-01-20 00:00;62,562000;67,188004;743,909973;0,502300;0,497300;0,499800;0,528000;;0,528000;0,497300;0,459600
2023-01-19 00:00;63,831001;65,091003;743,979980;0,486700;0,481800;0,484300;0,507600;;0,507600;0,481800;0,465800
2023-01-18 00:00;59,400002;62,904999;743,989990;0,470400;0,465700;0,468000;0,497700;;0,497700;0,465700;0,450900
2023-01-17 00:00;58,262001;55,009998;743,859985;0,411200;0,407200;0,409200;;;0,411200;0,407200;0,420600
2023-01-16 00:00;66,125000;58,098000;743,919983;0,434400;0,430000;0,432200;;;0,434400;0,430000;0,475800
2023-01-15 00:00;65,488998;66,000000;743,869995;0,493400;0,488500;0,491000;;;0,493400;0,488500;0,470200
2023-01-14 00:00;65,488998;63,316002;743,869995;0,473300;0,468600;0,471000;;;0,473300;0,468600;0,470200
2023-01-13 00:00;67,752998;69,046997;743,869995;0,516200;0,511100;0,513600;;;0,516200;0,511100;0,489600
2023-01-12 00:00;66,168999;57,637001;743,849976;0,430900;0,426600;0,428700;;;0,430900;0,426600;0,484400
2023-01-11 00:00;70,349998;66,014000;743,750000;0,493400;0,488500;0,491000;;0,297700;0,493400;0,297700;0,497200
2023-01-10 00:00;72,574997;72,264999;743,750000;0,540200;0,534800;0,537500;;;0,540200;0,534800;0,538500
2023-01-09 00:00;72,383003;74,135002;743,739990;0,554100;0,548600;0,551400;0,587900;;0,587900;0,548600;0,494100
2023-01-08 00:00;70,500999;68,317001;743,700012;0,510600;0,505500;0,508100;;;0,510600;0,505500;0,479400
2023-01-07 00:00;70,500999;63,967999;743,700012;0,478100;0,473400;0,475700;;;0,478100;0,473400;0,479400
2023-01-06 00:00;67,529999;71,108002;743,700012;0,531500;0,526200;0,528800;0,541000;0,454200;0,541000;0,454200;0,498500
2023-01-05 00:00;67,745003;70,245003;743,729980;0,525000;0,519800;0,522400;0,594800;;0,594800;0,519800;0,469400
2023-01-04 00:00;73,414001;65,538002;743,739990;0,489900;0,485000;0,487400;;0,223100;0,489900;0,223100;0,512300
2023-01-03 00:00;77,459000;73,762001;743,700012;0,551300;0,545800;0,548600;;;0,551300;0,545800;0,492500
2023-01-02 00:00;77,297997;74,204002;743,739990;0,554600;0,549100;0,551900;;;0,554600;0,549100;0,474700
2023-01-01 00:00;77,297997;63,528999;743,650024;0,474800;0,470100;0,472400;;;0,474800;0,470100;0,474600
2022-12-31 00:00;77,298000;70,081000;743,650000;0,523800;0,518600;0,521200;;;0,523800;0,518600;0,474600
2022-12-30 00:00;82,806000;75,892000;743,650000;0,567200;0,561600;0,564400;0,669100;;0,669100;0,561600;0,593300
2022-12-29 00:00;79,118000;80,354000;743,650000;0,600500;0,594600;0,597600;;0,586000;0,600500;0,586000;0,573300
2022-12-28 00:00;83,935000;76,406000;743,650000;0,571000;0,565400;0,568200;;0,550700;0,571000;0,550700;0,619500
2022-12-27 00:00;83,707000;81,047000;743,660000;0,605700;0,599700;0,602700;;;0,605700;0,599700;0,614900
2022-12-26 00:00;83,707000;79,094000;743,640000;0,591100;0,585200;0,588200;;;0,591100;0,585200;0,614900
2022-12-25 00:00;83,707000;75,601000;743,640000;0,565000;0,559400;0,562200;;;0,565000;0,559400;0,614900
2022-12-24 00:00;83,707000;81,632000;743,640000;0,610100;0,604000;0,607000;;0,535800;0,610100;0,535800;0,614900
2022-12-23 00:00;92,645000;84,351000;743,640000;0,630400;0,624100;0,627300;0,661700;;0,661700;0,624100;0,676600
2022-12-22 00:00;99,739000;86,392000;743,670000;0,645700;0,639300;0,642500;;0,575200;0,645700;0,575200;0,722000
2022-12-21 00:00;105,924000;94,376000;743,800000;0,705500;0,698500;0,702000;0,728700;;0,728700;0,698500;0,782100
2022-12-20 00:00;110,192000;101,261000;743,880000;0,757000;0,749500;0,753300;;0,371900;0,757000;0,371900;0,801000
2022-12-19 00:00;122,159000;106,318000;743,820000;0,794800;0,786900;0,790800;;0,706800;0,794800;0,706800;0,906000
2022-12-18 00:00;123,633000;108,900000;743,790000;0,814000;0,805900;0,810000;;;0,814000;0,805900;0,906700
2022-12-17 00:00;123,633000;111,222000;743,790000;0,831400;0,823100;0,827300;;0,781400;0,831400;0,781400;0,906700
2022-12-16 00:00;137,789000;124,333000;743,790000;0,929400;0,920200;0,924800;0,943900;0,813100;0,943900;0,813100;1,010500
2022-12-15 00:00;134,996000;137,999000;743,870000;1,031700;1,021400;1,026500;;;1,031700;1,021400;0,989500
2022-12-14 00:00;142,674000;128,845000;743,920000;0,963300;0,953700;0,958500;1,040700;0,446400;1,040700;0,446400;1,040800
2022-12-13 00:00;139,479000;141,072000;743,910000;1,054700;1,044200;1,049400;1,069900;0,967100;1,069900;0,967100;1,027400
2022-12-12 00:00;142,141000;144,575000;743,790000;1,080700;1,070000;1,075300;1,128300;;1,128300;1,070000;1,050400
2022-12-11 00:00;141,242000;143,356000;743,790000;1,071600;1,060900;1,066300;1,487400;;1,487400;1,060900;1,040700
2022-12-10 00:00;141,242000;142,758000;743,790000;1,067100;1,056500;1,061800;;0,966900;1,067100;0,966900;1,040700
2022-12-09 00:00;153,864000;138,867000;743,790000;1,038000;1,027700;1,032900;;1,027700;1,038000;1,027700;1,098400
2022-12-08 00:00;147,344000;157,477000;743,820000;1,177200;1,165500;1,171300;1,184000;0,985600;1,184000;0,985600;1,097500
2022-12-07 00:00;138,800000;145,572000;743,820000;1,088200;1,077400;1,082800;;;1,088200;1,077400;1,029700
2022-12-06 00:00;138,230000;146,210000;743,800000;1,092900;1,082100;1,087500;1,152700;1,001500;1,152700;1,001500;1,016800
2022-12-05 00:00;136,449000;141,635000;743,690000;1,058600;1,048100;1,053300;1,189700;;1,189700;1,048100;0,997100
2022-12-04 00:00;135,757000;142,581000;743,730000;1,065700;1,055100;1,060400;;;1,065700;1,055100;0,989800
2022-12-03 00:00;135,757000;144,066000;743,730000;1,076800;1,066100;1,071500;1,106700;;1,106700;1,066100;0,989800
2022-12-02 00:00;147,509000;130,050000;743,730000;0,972100;0,962400;0,967200;;0,944700;0,972100;0,944700;1,080100
2022-12-01 00:00;147,052000;146,713000;743,730000;1,096600;1,085700;1,091100;1,081200;;1,096600;1,085700;1,070600
2022-11-30 00:00;134,362000;137,585000;743,660000;1,028300;1,018000;1,023200;1,085600;;1,085600;1,018000;0,986900
2022-11-29 00:00;125,856000;134,737000;743,670000;1,007000;0,997000;1,002000;1,044700;;1,044700;0,997000;0,919700
2022-11-28 00:00;123,349000;122,313000;743,670000;0,914200;0,905100;0,909600;;;0,914200;0,905100;0,916900
2022-11-27 00:00;121,959000;120,367000;743,650000;0,899600;0,890600;0,895100;;;0,899600;0,890600;0,903200
2022-11-26 00:00;121,959000;119,550000;743,650000;0,893500;0,884600;0,889000;;;0,893500;0,884600;0,903200
2022-11-25 00:00;124,716000;118,051000;743,650000;0,882300;0,873500;0,877900;;;0,882300;0,873500;0,913600
2022-11-24 00:00;126,273000;121,460000;743,690000;0,907800;0,898800;0,903300;0,927800;0,676900;0,927800;0,676900;0,932300
2022-11-23 00:00;117,124000;126,138000;743,700000;0,942800;0,933400;0,938100;;;0,942800;0,933400;0,863300
2022-11-22 00:00;117,838000;115,442000;743,770000;0,862900;0,854300;0,858600;0,966700;;0,966700;0,854300;0,858400
2022-11-21 00:00;110,975000;116,608000;743,770000;0,871600;0,863000;0,867300;0,892300;;0,892300;0,863000;0,816300
2022-11-20 00:00;110,821000;111,933000;743,850000;0,836800;0,828400;0,832600;;;0,836800;0,828400;0,808500
2022-11-19 00:00;110,821000;110,730000;743,850000;0,827800;0,819500;0,823700;;;0,827800;0,819500;0,808500
2022-11-18 00:00;105,504000;112,986000;743,850000;0,844600;0,836200;0,840400;;;0,844600;0,836200;0,764300
2022-11-17 00:00;113,031000;100,559000;743,830000;0,751700;0,744200;0,748000;0,892400;;0,892400;0,744200;0,808400
2022-11-16 00:00;119,843000;110,442000;743,860000;0,825600;0,817400;0,821500;;;0,825600;0,817400;0,881600
2022-11-15 00:00;105,617000;123,528000;743,880000;0,923500;0,914300;0,918900;;;0,923500;0,914300;0,779000
2022-11-14 00:00;77,662000;109,202000;743,820000;0,816300;0,808200;0,812300;;;0,816300;0,808200;0,560500
2022-11-13 00:00;70,443000;90,075000;743,840000;0,673400;0,666700;0,670000;;;0,673400;0,666700;0,519500
2022-11-12 00:00;70,443000;74,350000;743,840000;0,555800;0,550300;0,553000;;;0,555800;0,550300;0,519500
2022-11-11 00:00;89,510000;74,025000;743,840000;0,553400;0,547900;0,550600;;;0,553400;0,547900;0,634700
2022-11-10 00:00;97,864000;85,948000;743,810000;0,642500;0,636100;0,639300;;;0,642500;0,636100;0,699100
2022-11-09 00:00;85,724000;95,145000;743,820000;0,711200;0,704200;0,707700;;;0,711200;0,704200;0,628100
2022-11-08 00:00;59,728000;76,614000;743,780000;0,572700;0,567000;0,569800;;;0,572700;0,567000;0,434400
2022-11-07 00:00;60,686000;54,124000;743,930000;0,404700;0,400600;0,402600;;;0,404700;0,400600;0,448200
2022-11-06 00:00;57,082000;62,358000;744,190000;0,466400;0,461700;0,464100;;;0,466400;0,461700;0,429000
2022-11-05 00:00;57,082000;64,534000;744,190000;0,482700;0,477900;0,480300;;;0,482700;0,477900;0,429000
2022-11-04 00:00;79,144000;82,030000;744,190000;0,613500;0,607400;0,610500;;;0,613500;0,607400;0,566100
2022-11-03 00:00;44,378000;91,284000;744,330000;0,682800;0,676100;0,679500;0,643800;;0,682800;0,676100;0,334300
2022-11-02 00:00;32,646000;39,679000;744,310000;0,296800;0,293900;0,295300;1,115300;;1,115300;0,293900;0,219300
2022-11-01 00:00;42,485000;20,479000;744,380000;0,153200;0,151700;0,152400;;0,089300;0,153200;0,089300;0,292100
2022-10-31 00:00;34,175000;45,219000;744,440000;0,338300;0,334900;0,336600;;0,007400;0,338300;0,007400;0,260600
2022-10-30 00:00;32,257000;56,011000;744,230000;0,418900;0,414800;0,416900;;;0,418900;0,414800;0,236900
2022-10-29 00:00;32,257000;40,864000;744,230000;0,305600;0,302600;0,304100;;;0,305600;0,302600;0,236900
2022-10-28 00:00;40,669000;29,751000;744,230000;0,222500;0,220300;0,221400;;0,216800;0,222500;0,216800;0,280100
2022-10-27 00:00;50,681000;31,449000;743,870000;0,235100;0,232800;0,233900;;;0,235100;0,232800;0,369400
2022-10-26 00:00;43,596000;49,296000;743,810000;0,368500;0,364800;0,366700;;0,141700;0,368500;0,141700;0,296800
2022-10-25 00:00;34,492000;40,666000;743,870000;0,304000;0,301000;0,302500;;0,150300;0,304000;0,150300;0,241600
2022-10-24 00:00;53,249000;20,602000;743,850000;0,154000;0,152500;0,153200;;0,074400;0,154000;0,074400;0,358900
2022-10-23 00:00;50,626000;12,588000;743,820000;0,094100;0,093200;0,093600;;;0,094100;0,093200;0,343600
2022-10-22 00:00;50,626000;26,989000;743,820000;0,201800;0,199700;0,200700;;0,029900;0,201800;0,029900;0,343600
2022-10-21 00:00;64,814000;63,141000;743,820000;0,472000;0,467300;0,469700;;0,153000;0,472000;0,153000;0,474400
2022-10-20 00:00;73,802000;63,216000;743,890000;0,472600;0,467900;0,470300;0,721400;0,297700;0,721400;0,297700;0,524100
2022-10-19 00:00;62,341000;66,529000;743,900000;0,497400;0,492400;0,494900;;;0,497400;0,492400;0,451700
2022-10-18 00:00;63,152000;55,841000;743,930000;0,417500;0,413300;0,415400;;0,394300;0,417500;0,394300;0,462100
2022-10-17 00:00;75,728000;57,571000;743,790000;0,430300;0,426100;0,428200;;0,297500;0,430300;0,297500;0,537700
2022-10-16 00:00;75,759000;74,338000;743,780000;0,555700;0,550100;0,552900;;;0,555700;0,550100;0,524800
2022-10-15 00:00;75,759000;70,133000;743,780000;0,524200;0,519000;0,521600;;;0,524200;0,519000;0,524800
2022-10-14 00:00;100,961000;77,164000;743,780000;0,576800;0,571100;0,573900;;;0,576800;0,571100;0,731800
2022-10-13 00:00;108,707000;110,683000;743,850000;0,827400;0,819200;0,823300;;;0,827400;0,819200;0,784100
2022-10-12 00:00;111,583000;108,733000;743,990000;0,813000;0,804900;0,809000;;;0,813000;0,804900;0,795000
2022-10-11 00:00;110,576000;113,113000;743,900000;0,845700;0,837200;0,841400;;;0,845700;0,837200;0,784400
2022-10-10 00:00;125,097000;101,756000;743,840000;0,760700;0,753100;0,756900;;;0,760700;0,753100;0,887600
2022-10-09 00:00;120,613000;81,059000;743,810000;0,605900;0,599900;0,602900;;;0,605900;0,599900;0,875100
2022-10-08 00:00;120,613000;52,413000;743,810000;0,391800;0,387900;0,389900;;;0,391800;0,387900;0,875100
2022-10-07 00:00;120,578000;117,974000;743,810000;0,881900;0,873100;0,877500;;;0,881900;0,873100;0,909000
2022-10-06 00:00;90,123000;126,559000;743,900000;0,946200;0,936800;0,941500;;;0,946200;0,936800;0,683400
2022-10-05 00:00;119,772000;82,244000;743,880000;0,614900;0,608700;0,611800;;;0,614900;0,608700;0,797800
2022-10-04 00:00;147,942000;117,112000;743,740000;0,875400;0,866700;0,871000;;0,371900;0,875400;0,371900;1,047800
2022-10-03 00:00;167,210000;141,581000;743,660000;1,058100;1,047600;1,052900;;;1,058100;1,047600;1,220300
2022-10-02 00:00;168,168000;157,742000;743,650000;1,178900;1,167200;1,173000;;;1,178900;1,167200;1,223900
2022-10-01 00:00;168,168000;165,000000;743,650000;1,233200;1,220900;1,227000;;;1,233200;1,220900;1,223900
